model,train_rmse,val_rmse,train_mae,val_mae,train_r2,val_r2,cv_rmse,cv_r2,rmse_relative_pct,overfit_ratio,r2_difference
gradient_boosting,11235.760944055206,13656.142139923331,6597.137027584219,7965.326375851886,0.9853245568559258,0.9778545122866654,14114.318675786632,0.9768338773465087,3.1260595145034618,1.2154176479830445,0.00747004456926037
extra_trees,2283.9811236346422,14303.678411734276,1195.664706727136,7975.539993556899,0.999393583144767,0.9757045656896204,14508.487165430844,0.9755245707690285,3.2742885606528063,6.262607980302366,0.02368901745514662
polynomial,13798.724773942098,14347.770912877917,9255.842411329015,9658.89769265481,0.9778657837763385,0.9755545486736141,14550.812855803752,0.9753716521786255,3.2843818784658487,1.0397896289643123,0.0023112351027243516
random_forest,6195.7270567732085,14776.907104959151,3374.4316027163704,8193.15558057063,0.9955375763560861,0.9740703724556657,14801.756426683398,0.9745222827650408,3.382616450318428,2.3850158293859867,0.02146720390042034
lasso,18033.52760753574,18009.906835374313,13997.218713535503,13945.158497869084,0.9621951411034706,0.9614830291623089,18094.3199681507,0.9619247913318534,4.122689998477043,0.9986901746194374,0.0007121119411617194
linear,18019.59108904321,18027.505819244077,14005.67744388344,13980.830511906397,0.9622535505884807,0.9614077160858707,18080.842778695896,0.9619816345737775,4.12671862313604,1.0004392291790505,0.0008458345026099989
ridge,18139.45461075874,18044.174224269307,14025.59650222242,13928.091530878246,0.9617497133799932,0.9613363175004831,18236.13164678781,0.9613253134319354,4.1305342268099645,0.9947473400642971,0.00041339587951005896
elasticnet,30355.448174922338,30085.46317754789,24277.32063110035,24234.161203543634,0.892882718596893,0.8925163029147711,30421.389152014235,0.8923892642623799,6.886933912284625,0.9911058800443773,0.0003664156821219233
